[{"model": "app.category", "pk": 1, "fields": {"name": "LipStick"}}, {"model": "app.category", "pk": 2, "fields": {"name": "Personal Color"}}, {"model": "app.season", "pk": 1, "fields": {"name": "Bright Spring"}}, {"model": "app.season", "pk": 2, "fields": {"name": "True Spring"}}, {"model": "app.season", "pk": 3, "fields": {"name": "Light Spring"}}, {"model": "app.season", "pk": 4, "fields": {"name": "Light Summer"}}, {"model": "app.season", "pk": 5, "fields": {"name": "True Summer"}}, {"model": "app.season", "pk": 6, "fields": {"name": "Soft Summer"}}, {"model": "app.season", "pk": 7, "fields": {"name": "Soft Autumn"}}, {"model": "app.season", "pk": 8, "fields": {"name": "True Autumn"}}, {"model": "app.season", "pk": 9, "fields": {"name": "Deep Autumn"}}, {"model": "app.season", "pk": 10, "fields": {"name": "Deep Winter"}}, {"model": "app.season", "pk": 11, "fields": {"name": "True Winter"}}, {"model": "app.season", "pk": 12, "fields": {"name": "Bright Winter"}}, {"model": "app.color", "pk": 1, "fields": {"name": "Arctic Wolf", "hex": "#e6decf", "season": 12, "category": 2}}, {"model": "app.color", "pk": 2, "fields": {"name": "Pastel Yellow", "hex": "#f2e6b1", "season": 12, "category": 2}}, {"model": "app.color", "pk": 3, "fields": {"name": "Fair Aqua", "hex": "#b8e2dc", "season": 12, "category": 2}}, {"model": "app.color", "pk": 4, "fields": {"name": "Pastel Lilac", "hex": "#bdb0d0", "season": 12, "category": 2}}, {"model": "app.color", "pk": 5, "fields": {"name": "Honeysuckle", "hex": "#d94f70", "season": 12, "category": 2}}, {"model": "app.color", "pk": 6, "fields": {"name": "Red Plum", "hex": "#7c2946", "season": 12, "category": 2}}, {"model": "app.color", "pk": 7, "fields": {"name": "Fuchsia Red", "hex": "#ab3475", "season": 12, "category": 2}}, {"model": "app.color", "pk": 8, "fields": {"name": "Purple Wine", "hex": "#8c3573", "season": 12, "category": 2}}, {"model": "app.color", "pk": 9, "fields": {"name": "Bluing", "hex": "#333e83", "season": 12, "category": 2}}, {"model": "app.color", "pk": 10, "fields": {"name": "Ultramarine", "hex": "#5a7cc2", "season": 12, "category": 2}}, {"model": "app.color", "pk": 11, "fields": {"name": "Viridian Green", "hex": "#009698", "season": 12, "category": 2}}, {"model": "app.color", "pk": 12, "fields": {"name": "Blithe", "hex": "#0084bd", "season": 12, "category": 2}}, {"model": "app.color", "pk": 13, "fields": {"name": "Black Iris", "hex": "#263145", "season": 12, "category": 2}}, {"model": "app.color", "pk": 14, "fields": {"name": "Black Ink", "hex": "#44413c", "season": 12, "category": 2}}, {"model": "app.color", "pk": 15, "fields": {"name": "lily white", "hex": "#e6e7e2", "season": 11, "category": 2}}, {"model": "app.color", "pk": 16, "fields": {"name": "Halogen Blue", "hex": "#bdc6dc", "season": 11, "category": 2}}, {"model": "app.color", "pk": 17, "fields": {"name": "Elfin yellow", "hex": "#efed98", "season": 11, "category": 2}}, {"model": "app.color", "pk": 18, "fields": {"name": "Spa Retreat", "hex": "#b4e8ec", "season": 11, "category": 2}}, {"model": "app.color", "pk": 19, "fields": {"name": "Misty Jade", "hex": "#bfdccb", "season": 11, "category": 2}}, {"model": "app.color", "pk": 20, "fields": {"name": "BonBon", "hex": "#f1a9cf", "season": 11, "category": 2}}, {"model": "app.color", "pk": 21, "fields": {"name": "Very Berry", "hex": "#b73275", "season": 11, "category": 2}}, {"model": "app.color", "pk": 22, "fields": {"name": "hollyhock", "hex": "#823270", "season": 11, "category": 2}}, {"model": "app.color", "pk": 23, "fields": {"name": "Surf the web", "hex": "#203c7f", "season": 11, "category": 2}}, {"model": "app.color", "pk": 24, "fields": {"name": "Ocean Cavern", "hex": "#252a48", "season": 11, "category": 2}}, {"model": "app.color", "pk": 25, "fields": {"name": "Faience", "hex": "#2a6a8b", "season": 11, "category": 2}}, {"model": "app.color", "pk": 26, "fields": {"name": "Green heron", "hex": "#27535a", "season": 11, "category": 2}}, {"model": "app.color", "pk": 27, "fields": {"name": "Gentian violet", "hex": "#544275", "season": 11, "category": 2}}, {"model": "app.color", "pk": 28, "fields": {"name": "Mole", "hex": "#392d2b", "season": 11, "category": 2}}, {"model": "app.color", "pk": 29, "fields": {"name": "Pumice Stone", "hex": "#cac2b9", "season": 10, "category": 2}}, {"model": "app.color", "pk": 30, "fields": {"name": "Charcoal Gray", "hex": "#6c6868", "season": 10, "category": 2}}, {"model": "app.color", "pk": 31, "fields": {"name": "Lemonade", "hex": "#f0e79d", "season": 10, "category": 2}}, {"model": "app.color", "pk": 32, "fields": {"name": "Bay", "hex": "#bae5d6", "season": 10, "category": 2}}, {"model": "app.color", "pk": 33, "fields": {"name": "Bossy Pink", "hex": "#ce3d66", "season": 10, "category": 2}}, {"model": "app.color", "pk": 34, "fields": {"name": "Red Bud", "hex": "#962d49", "season": 10, "category": 2}}, {"model": "app.color", "pk": 35, "fields": {"name": "Lipstick Red", "hex": "#b31a38", "season": 10, "category": 2}}, {"model": "app.color", "pk": 36, "fields": {"name": "Rhubarb", "hex": "#77202f", "season": 10, "category": 2}}, {"model": "app.color", "pk": 37, "fields": {"name": "Bellflower", "hex": "#9469a2", "season": 10, "category": 2}}, {"model": "app.color", "pk": 38, "fields": {"name": "Grape Royale", "hex": "#4f2d54", "season": 10, "category": 2}}, {"model": "app.color", "pk": 39, "fields": {"name": "Mediterranian Blue", "hex": "#1478a7", "season": 10, "category": 2}}, {"model": "app.color", "pk": 40, "fields": {"name": "Pageant Blue", "hex": "#1f2c43", "season": 10, "category": 2}}, {"model": "app.color", "pk": 41, "fields": {"name": "Lush Meadow", "hex": "#006e52", "season": 10, "category": 2}}, {"model": "app.color", "pk": 42, "fields": {"name": "Tap Shoe", "hex": "#2a2b2d", "season": 10, "category": 2}}, {"model": "app.color", "pk": 43, "fields": {"name": "Autumn Blonde", "hex": "#eed0ae", "season": 9, "category": 2}}, {"model": "app.color", "pk": 44, "fields": {"name": "Latte", "hex": "#c5a582", "season": 9, "category": 2}}, {"model": "app.color", "pk": 45, "fields": {"name": "Elephant Skin", "hex": "#8f8982", "season": 10, "category": 2}}, {"model": "app.color", "pk": 46, "fields": {"name": "Pavement", "hex": "#524d50", "season": 9, "category": 2}}, {"model": "app.color", "pk": 47, "fields": {"name": "Cathay Spice", "hex": "#99642c", "season": 9, "category": 2}}, {"model": "app.color", "pk": 48, "fields": {"name": "Sunburn", "hex": "#b37256", "season": 9, "category": 2}}, {"model": "app.color", "pk": 49, "fields": {"name": "Burnt Sienna", "hex": "#c65d52", "season": 9, "category": 2}}, {"model": "app.color", "pk": 50, "fields": {"name": "Burnt Russet", "hex": "#7e3940", "season": 9, "category": 2}}, {"model": "app.color", "pk": 51, "fields": {"name": "Spring Crocus", "hex": "#ba69a1", "season": 9, "category": 2}}, {"model": "app.color", "pk": 52, "fields": {"name": "Plum Caspia", "hex": "#61234a", "season": 9, "category": 2}}, {"model": "app.color", "pk": 53, "fields": {"name": "Bermuda", "hex": "#60c9b3", "season": 9, "category": 2}}, {"model": "app.color", "pk": 54, "fields": {"name": "Evergreen", "hex": "#11574a", "season": 9, "category": 2}}, {"model": "app.color", "pk": 55, "fields": {"name": "Plantation", "hex": "#7a6332", "season": 9, "category": 2}}, {"model": "app.color", "pk": 56, "fields": {"name": "Glamour Gold", "hex": "#be9b64", "season": 9, "category": 2}}, {"model": "app.color", "pk": 57, "fields": {"name": "Double Cream", "hex": "#f3e0ac", "season": 8, "category": 2}}, {"model": "app.color", "pk": 58, "fields": {"name": "Straw", "hex": "#e0c992", "season": 8, "category": 2}}, {"model": "app.color", "pk": 59, "fields": {"name": "Olive Green", "hex": "#80856d", "season": 8, "category": 2}}, {"model": "app.color", "pk": 60, "fields": {"name": "Stone Gray", "hex": "#685e4f", "season": 8, "category": 2}}, {"model": "app.color", "pk": 61, "fields": {"name": "Peach Bloom", "hex": "#d99b7c", "season": 8, "category": 2}}, {"model": "app.color", "pk": 62, "fields": {"name": "Henna", "hex": "#7c423", "season": 8, "category": 2}}, {"model": "app.color", "pk": 63, "fields": {"name": "MuskMelon", "hex": "#ec935e", "season": 8, "category": 2}}, {"model": "app.color", "pk": 64, "fields": {"name": "Summer Fig", "hex": "#be4b3b", "season": 8, "category": 2}}, {"model": "app.color", "pk": 65, "fields": {"name": "American Beauty", "hex": "#a73340", "season": 8, "category": 2}}, {"model": "app.color", "pk": 66, "fields": {"name": "Marroon Banner", "hex": "#5b2b38", "season": 8, "category": 2}}, {"model": "app.color", "pk": 67, "fields": {"name": "Sea Jet", "hex": "#54afbc", "season": 8, "category": 2}}, {"model": "app.color", "pk": 68, "fields": {"name": "Biscay Bay", "hex": "#097988", "season": 8, "category": 2}}, {"model": "app.color", "pk": 69, "fields": {"name": "Split Pea", "hex": "#9c9a40", "season": 8, "category": 2}}, {"model": "app.color", "pk": 70, "fields": {"name": "Fir Green", "hex": "#67592a", "season": 8, "category": 2}}, {"model": "app.color", "pk": 71, "fields": {"name": "White Asparagus", "hex": "#e1dbc8", "season": 7, "category": 2}}, {"model": "app.color", "pk": 72, "fields": {"name": "Overcast", "hex": "#c3bdab", "season": 7, "category": 2}}, {"model": "app.color", "pk": 73, "fields": {"name": "Aloe", "hex": "#817a60", "season": 7, "category": 2}}, {"model": "app.color", "pk": 74, "fields": {"name": "Sage", "hex": "#91946e", "season": 7, "category": 2}}, {"model": "app.color", "pk": 75, "fields": {"name": "Russet", "hex": "#8f5f50", "season": 7, "category": 2}}, {"model": "app.color", "pk": 76, "fields": {"name": "Hot Chocolate", "hex": "#683b39", "season": 7, "category": 2}}, {"model": "app.color", "pk": 77, "fields": {"name": "Tea Rose", "hex": "#dc7178", "season": 7, "category": 2}}, {"model": "app.color", "pk": 78, "fields": {"name": "Cardinal", "hex": "#ad3e48", "season": 7, "category": 2}}, {"model": "app.color", "pk": 79, "fields": {"name": "Murex Shell", "hex": "#F8A3A4", "season": 7, "category": 2}}, {"model": "app.color", "pk": 80, "fields": {"name": "Tibetan Red", "hex": "#782a39", "season": 7, "category": 2}}, {"model": "app.color", "pk": 81, "fields": {"name": "Blue Jaspper", "hex": "#527EA9", "season": 7, "category": 2}}, {"model": "app.color", "pk": 82, "fields": {"name": "Deep Dive", "hex": "#29495c", "season": 7, "category": 2}}, {"model": "app.color", "pk": 83, "fields": {"name": "Dusty Jade Green", "hex": "#7bb5a3", "season": 7, "category": 2}}, {"model": "app.color", "pk": 84, "fields": {"name": "Mallard Green", "hex": "#405e5c", "season": 7, "category": 2}}, {"model": "app.color", "pk": 85, "fields": {"name": "icicle", "hex": "#dadcd0", "season": 6, "category": 2}}, {"model": "app.color", "pk": 86, "fields": {"name": "Iron", "hex": "#736460", "season": 6, "category": 2}}, {"model": "app.color", "pk": 87, "fields": {"name": "Sedona sage", "hex": "#686d6c", "season": 6, "category": 2}}, {"model": "app.color", "pk": 88, "fields": {"name": "Gray Quill", "hex": "#7b797b", "season": 6, "category": 2}}, {"model": "app.color", "pk": 89, "fields": {"name": "Quartz Pink", "hex": "#efa6aa", "season": 6, "category": 2}}, {"model": "app.color", "pk": 90, "fields": {"name": "Earth Red", "hex": "#95424e", "season": 6, "category": 2}}, {"model": "app.color", "pk": 91, "fields": {"name": "Wild Rose", "hex": "#ce8498", "season": 6, "category": 2}}, {"model": "app.color", "pk": 92, "fields": {"name": "Blackberry wine", "hex": "#574354", "season": 6, "category": 2}}, {"model": "app.color", "pk": 93, "fields": {"name": "Purple impression", "hex": "#858fb1", "season": 6, "category": 2}}, {"model": "app.color", "pk": 94, "fields": {"name": "Mood Indigo", "hex": "#364051", "season": 6, "category": 2}}, {"model": "app.color", "pk": 95, "fields": {"name": "Porcelain", "hex": "#549ba2", "season": 6, "category": 2}}, {"model": "app.color", "pk": 96, "fields": {"name": "Hydro", "hex": "#426972", "season": 6, "category": 2}}, {"model": "app.color", "pk": 97, "fields": {"name": "Hunter Green", "hex": "#335749", "season": 6, "category": 2}}, {"model": "app.color", "pk": 98, "fields": {"name": "Garden Glade", "hex": "#e0dba9", "season": 6, "category": 2}}, {"model": "app.color", "pk": 99, "fields": {"name": "Perfectly pale", "hex": "#D3C9BE", "season": 5, "category": 2}}, {"model": "app.color", "pk": 100, "fields": {"name": "Rook Ridge", "hex": "#918c86", "season": 5, "category": 2}}, {"model": "app.color", "pk": 101, "fields": {"name": "Purple dove", "hex": "#99888d", "season": 5, "category": 2}}, {"model": "app.color", "pk": 102, "fields": {"name": "forged iron", "hex": "#48464a", "season": 5, "category": 2}}, {"model": "app.color", "pk": 103, "fields": {"name": "Troposphere", "hex": "#76849b", "season": 5, "category": 2}}, {"model": "app.color", "pk": 104, "fields": {"name": "Trooper", "hex": "#697a7e", "season": 5, "category": 2}}, {"model": "app.color", "pk": 105, "fields": {"name": "Chateau Rose", "hex": "#d2738f", "season": 5, "category": 2}}, {"model": "app.color", "pk": 106, "fields": {"name": "Anemone", "hex": "#842c48", "season": 5, "category": 2}}, {"model": "app.color", "pk": 107, "fields": {"name": "Deep Periwinkle", "hex": "#7c83bc", "season": 5, "category": 2}}, {"model": "app.color", "pk": 108, "fields": {"name": "Orient Blue", "hex": "#47457a", "season": 5, "category": 2}}, {"model": "app.color", "pk": 109, "fields": {"name": "ipanema", "hex": "#62bbc5", "season": 5, "category": 2}}, {"model": "app.color", "pk": 110, "fields": {"name": "Saxony blue", "hex": "#1f6680", "season": 5, "category": 2}}, {"model": "app.color", "pk": 111, "fields": {"name": "Neptune Green", "hex": "#7fbb9e", "season": 5, "category": 2}}, {"model": "app.color", "pk": 112, "fields": {"name": "Teal", "hex": "#478589", "season": 5, "category": 2}}, {"model": "app.color", "pk": 113, "fields": {"name": "Pelician", "hex": "#c1bcac", "season": 4, "category": 2}}, {"model": "app.color", "pk": 114, "fields": {"name": "Atmosphere", "hex": "#a89c9", "season": 4, "category": 2}}, {"model": "app.color", "pk": 115, "fields": {"name": "Toadstool", "hex": "#998089", "season": 4, "category": 2}}, {"model": "app.color", "pk": 116, "fields": {"name": "Catawba grape", "hex": "#5d3c43", "season": 4, "category": 2}}, {"model": "app.color", "pk": 117, "fields": {"name": "winterberry", "hex": "#be394f", "season": 4, "category": 2}}, {"model": "app.color", "pk": 118, "fields": {"name": "Confetti", "hex": "#e6798e", "season": 4, "category": 2}}, {"model": "app.color", "pk": 119, "fields": {"name": "Lilac Rose", "hex": "#e35b8", "season": 4, "category": 2}}, {"model": "app.color", "pk": 120, "fields": {"name": "Granada sky", "hex": "#5d81bc", "season": 4, "category": 2}}, {"model": "app.color", "pk": 121, "fields": {"name": "Turkish Sea", "hex": "#195190", "season": 4, "category": 2}}, {"model": "app.color", "pk": 122, "fields": {"name": "River Blue", "hex": "#38afcd", "season": 4, "category": 2}}, {"model": "app.color", "pk": 123, "fields": {"name": "Baltic", "hex": "#279d9f", "season": 4, "category": 2}}, {"model": "app.color", "pk": 124, "fields": {"name": "Mint Leaf", "hex": "#00b694", "season": 4, "category": 2}}, {"model": "app.color", "pk": 125, "fields": {"name": "Antique green", "hex": "#29675c", "season": 4, "category": 2}}, {"model": "app.color", "pk": 126, "fields": {"name": "licing coral", "hex": "#ee7969", "season": 3, "category": 1}}, {"model": "app.color", "pk": 127, "fields": {"name": "candlelight peach", "hex": "#eba69f", "season": 3, "category": 1}}, {"model": "app.color", "pk": 128, "fields": {"name": "peach blossom", "hex": "#dd8d8a", "season": 3, "category": 1}}, {"model": "app.color", "pk": 129, "fields": {"name": "sun kissed coral", "hex": "#da6d78", "season": 3, "category": 1}}, {"model": "app.color", "pk": 130, "fields": {"name": "teaberry", "hex": "#cb4656", "season": 3, "category": 1}}, {"model": "app.color", "pk": 131, "fields": {"name": "whitecap gray", "hex": "#e0d5c6", "season": 3, "category": 2}}, {"model": "app.color", "pk": 132, "fields": {"name": "lamb wool", "hex": "#e5d0b1", "season": 3, "category": 2}}, {"model": "app.color", "pk": 133, "fields": {"name": "Agate gray", "hex": "#b1b09f", "season": 3, "category": 2}}, {"model": "app.color", "pk": 134, "fields": {"name": "Bungee cord", "hex": "#696156", "season": 3, "category": 2}}, {"model": "app.color", "pk": 135, "fields": {"name": "Lemon verbena", "hex": "#f4e87a", "season": 3, "category": 2}}, {"model": "app.color", "pk": 136, "fields": {"name": "Golden haze", "hex": "#fbd897", "season": 3, "category": 2}}, {"model": "app.color", "pk": 137, "fields": {"name": "Blossom", "hex": "#f2b2ae", "season": 3, "category": 2}}, {"model": "app.color", "pk": 138, "fields": {"name": "Sun kissed coral", "hex": "#ea6676", "season": 3, "category": 2}}, {"model": "app.color", "pk": 139, "fields": {"name": "Deep lavender", "hex": "#775496", "season": 3, "category": 2}}, {"model": "app.color", "pk": 140, "fields": {"name": "Raw Umber", "hex": "#92705f", "season": 3, "category": 2}}, {"model": "app.color", "pk": 141, "fields": {"name": "Atomizer", "hex": "#9AD4EA", "season": 3, "category": 2}}, {"model": "app.color", "pk": 142, "fields": {"name": "Blue Curacao", "hex": "#32becc", "season": 3, "category": 2}}, {"model": "app.color", "pk": 143, "fields": {"name": "Jade line", "hex": "#a1ca7b", "season": 3, "category": 2}}, {"model": "app.color", "pk": 144, "fields": {"name": "Poison Green", "hex": "#4db560", "season": 3, "category": 2}}, {"model": "app.color", "pk": 145, "fields": {"name": "Salmon", "hex": "#eeac98", "season": 2, "category": 1}}, {"model": "app.color", "pk": 146, "fields": {"name": "autum sunset", "hex": "#e58c5f", "season": 2, "category": 1}}, {"model": "app.color", "pk": 147, "fields": {"name": "fusion coral", "hex": "#ef8c7a", "season": 2, "category": 1}}, {"model": "app.color", "pk": 148, "fields": {"name": "firelight", "hex": "#da5a4d", "season": 2, "category": 1}}, {"model": "app.color", "pk": 149, "fields": {"name": "poppy end", "hex": "#cb4443", "season": 2, "category": 1}}, {"model": "app.color", "pk": 150, "fields": {"name": "Dachshund", "hex": "#704f37", "season": 2, "category": 2}}, {"model": "app.color", "pk": 151, "fields": {"name": "Vanila", "hex": "#f4e1c1", "season": 2, "category": 2}}, {"model": "app.color", "pk": 152, "fields": {"name": "Golden Fleece", "hex": "#f2d1a0", "season": 2, "category": 2}}, {"model": "app.color", "pk": 153, "fields": {"name": "Demitasse", "hex": "#40342", "season": 2, "category": 2}}, {"model": "app.color", "pk": 154, "fields": {"name": "Yarrow", "hex": "#face6d", "season": 2, "category": 2}}, {"model": "app.color", "pk": 155, "fields": {"name": "Georgia Peach", "hex": "#f97272", "season": 2, "category": 2}}, {"model": "app.color", "pk": 156, "fields": {"name": "Ember glow", "hex": "#ea6759", "season": 2, "category": 2}}, {"model": "app.color", "pk": 157, "fields": {"name": "Marina", "hex": "#4f84c4", "season": 2, "category": 2}}, {"model": "app.color", "pk": 158, "fields": {"name": "Bosphorus", "hex": "#007558", "season": 2, "category": 2}}, {"model": "app.color", "pk": 159, "fields": {"name": "Titanite", "hex": "#8FAB3A", "season": 2, "category": 2}}, {"model": "app.color", "pk": 160, "fields": {"name": "Diaquirl green", "hex": "#c9d77e", "season": 2, "category": 2}}, {"model": "app.color", "pk": 161, "fields": {"name": "Directorie blue", "hex": "#0061a3", "season": 2, "category": 2}}, {"model": "app.color", "pk": 162, "fields": {"name": "Irish green", "hex": "#45be76", "season": 2, "category": 2}}, {"model": "app.color", "pk": 163, "fields": {"name": "Sun Kiss", "hex": "#ebd1bb", "season": 2, "category": 2}}, {"model": "app.color", "pk": 164, "fields": {"name": "snow white", "hex": "#f2f0eb", "season": 1, "category": 2}}, {"model": "app.color", "pk": 165, "fields": {"name": "Rutabaga", "hex": "#ecddbe", "season": 1, "category": 2}}, {"model": "app.color", "pk": 166, "fields": {"name": "Aspen Gold", "hex": "#ffd662", "season": 1, "category": 2}}, {"model": "app.color", "pk": 167, "fields": {"name": "Geranium", "hex": "#da3d58", "season": 1, "category": 2}}, {"model": "app.color", "pk": 168, "fields": {"name": "hot pink", "hex": "#e55982", "season": 1, "category": 2}}, {"model": "app.color", "pk": 169, "fields": {"name": "Imperial value", "hex": "#005a92", "season": 1, "category": 2}}, {"model": "app.color", "pk": 170, "fields": {"name": "Buckskin", "hex": "#d18e54", "season": 1, "category": 2}}, {"model": "app.color", "pk": 171, "fields": {"name": "Peacock blue", "hex": "#00a0b0", "season": 1, "category": 2}}, {"model": "app.color", "pk": 172, "fields": {"name": "Sharp green", "hex": "#c6e67a", "season": 1, "category": 2}}, {"model": "app.color", "pk": 173, "fields": {"name": "Chimera", "hex": "#4D4C47", "season": 1, "category": 2}}, {"model": "app.color", "pk": 174, "fields": {"name": "Raspberry radiance", "hex": "#802a50", "season": 1, "category": 2}}, {"model": "app.color", "pk": 175, "fields": {"name": "Aurora red", "hex": "#b93a32", "season": 1, "category": 2}}, {"model": "app.color", "pk": 176, "fields": {"name": "Mezarine blue", "hex": "#273c76", "season": 1, "category": 2}}, {"model": "app.color", "pk": 177, "fields": {"name": "Fuchsia pink", "hex": "#df88b7", "season": 1, "category": 2}}, {"model": "app.color", "pk": 178, "fields": {"name": "Persimmon", "hex": "#e77f6d", "season": 1, "category": 1}}, {"model": "app.color", "pk": 179, "fields": {"name": "Persimmon glaze", "hex": "#ce6157", "season": 1, "category": 1}}, {"model": "app.color", "pk": 180, "fields": {"name": "calypso coral", "hex": "#dd656e", "season": 1, "category": 1}}, {"model": "app.color", "pk": 181, "fields": {"name": "hot-pink", "hex": "#d3657d", "season": 1, "category": 1}}, {"model": "app.color", "pk": 182, "fields": {"name": "Geranium", "hex": "#c9485a", "season": 1, "category": 1}}, {"model": "app.color", "pk": 183, "fields": {"name": "Sugar coral", "hex": "#e47478", "season": 4, "category": 1}}, {"model": "app.color", "pk": 184, "fields": {"name": "winterberry", "hex": "#b04253", "season": 4, "category": 1}}, {"model": "app.color", "pk": 185, "fields": {"name": "coral paradise", "hex": "#df6777", "season": 4, "category": 1}}, {"model": "app.color", "pk": 186, "fields": {"name": "rouge red", "hex": "#d05267", "season": 4, "category": 1}}, {"model": "app.color", "pk": 187, "fields": {"name": "lilac rose", "hex": "#ae4b73", "season": 4, "category": 1}}, {"model": "app.color", "pk": 188, "fields": {"name": "anemone", "hex": "#842c48", "season": 5, "category": 1}}, {"model": "app.color", "pk": 189, "fields": {"name": "bubblegum", "hex": "#e8719", "season": 5, "category": 1}}, {"model": "app.color", "pk": 190, "fields": {"name": "carmine", "hex": "#b0506a", "season": 5, "category": 1}}, {"model": "app.color", "pk": 191, "fields": {"name": "meadow mauve", "hex": "#9f5a89", "season": 5, "category": 1}}, {"model": "app.color", "pk": 192, "fields": {"name": "baton rouge", "hex": "#8d426a", "season": 5, "category": 1}}, {"model": "app.color", "pk": 193, "fields": {"name": "earth red", "hex": "#95424e", "season": 6, "category": 1}}, {"model": "app.color", "pk": 194, "fields": {"name": "slate rose", "hex": "#a95e67", "season": 6, "category": 1}}, {"model": "app.color", "pk": 195, "fields": {"name": "desert rose", "hex": "#c16f79", "season": 6, "category": 1}}, {"model": "app.color", "pk": 196, "fields": {"name": "rosette", "hex": "#c5928e", "season": 6, "category": 1}}, {"model": "app.color", "pk": 197, "fields": {"name": "mauvewood", "hex": "#9e6067", "season": 6, "category": 1}}, {"model": "app.color", "pk": 198, "fields": {"name": "tea rose", "hex": "#cf7679", "season": 7, "category": 1}}, {"model": "app.color", "pk": 199, "fields": {"name": "coral almond", "hex": "#d8a19", "season": 7, "category": 1}}, {"model": "app.color", "pk": 200, "fields": {"name": "brick red", "hex": "#823e41", "season": 7, "category": 1}}, {"model": "app.color", "pk": 201, "fields": {"name": "crabapple", "hex": "#cb8374", "season": 7, "category": 1}}, {"model": "app.color", "pk": 202, "fields": {"name": "murex shell", "hex": "#eca7a6", "season": 7, "category": 1}}, {"model": "app.color", "pk": 203, "fields": {"name": "orange rust", "hex": "#b56045", "season": 8, "category": 1}}, {"model": "app.color", "pk": 204, "fields": {"name": "summer fig", "hex": "#ae5241", "season": 8, "category": 1}}, {"model": "app.color", "pk": 205, "fields": {"name": "american beauty", "hex": "#9a3c42", "season": 8, "category": 1}}, {"model": "app.color", "pk": 206, "fields": {"name": "red alert", "hex": "#c04235", "season": 8, "category": 1}}, {"model": "app.color", "pk": 207, "fields": {"name": "merlot", "hex": "#6b2c2f", "season": 8, "category": 1}}, {"model": "app.color", "pk": 208, "fields": {"name": "bossy pink", "hex": "#bf4965", "season": 10, "category": 1}}, {"model": "app.color", "pk": 209, "fields": {"name": "baked apple", "hex": "#a64e4b", "season": 10, "category": 1}}, {"model": "app.color", "pk": 210, "fields": {"name": "scarlet smile", "hex": "#922f39", "season": 10, "category": 1}}, {"model": "app.color", "pk": 211, "fields": {"name": "cactus flower", "hex": "#9c456b", "season": 10, "category": 1}}, {"model": "app.color", "pk": 212, "fields": {"name": "fruit dove", "hex": "#c06276", "season": 10, "category": 1}}, {"model": "app.color", "pk": 213, "fields": {"name": "rose red", "hex": "#b93453", "season": 11, "category": 1}}, {"model": "app.color", "pk": 214, "fields": {"name": "very berry", "hex": "#a93e73", "season": 11, "category": 1}}, {"model": "app.color", "pk": 215, "fields": {"name": "violet", "hex": "#ba83b3", "season": 11, "category": 1}}, {"model": "app.color", "pk": 216, "fields": {"name": "wild orchid", "hex": "#cc7fa0", "season": 11, "category": 1}}, {"model": "app.color", "pk": 217, "fields": {"name": "festival fuchsia", "hex": "#923566", "season": 11, "category": 1}}, {"model": "app.color", "pk": 218, "fields": {"name": "honeysuckle", "hex": "#ca5a72", "season": 12, "category": 1}}, {"model": "app.color", "pk": 219, "fields": {"name": "cherries jubilee", "hex": "#953053", "season": 12, "category": 1}}, {"model": "app.color", "pk": 220, "fields": {"name": "rose violet", "hex": "#b04a86", "season": 12, "category": 1}}, {"model": "app.color", "pk": 221, "fields": {"name": "carbaret", "hex": "#bc4074", "season": 12, "category": 1}}, {"model": "app.color", "pk": 222, "fields": {"name": "pink flambe", "hex": "#c45a7b", "season": 12, "category": 1}}, {"model": "app.color", "pk": 223, "fields": {"name": "cranberry", "hex": "#ad5151", "season": 9, "category": 1}}, {"model": "app.color", "pk": 224, "fields": {"name": "blooming dahila", "hex": "#e0998a", "season": 9, "category": 1}}, {"model": "app.color", "pk": 225, "fields": {"name": "biking red", "hex": "#6e262f", "season": 9, "category": 1}}, {"model": "app.color", "pk": 226, "fields": {"name": "shell pink", "hex": "#e78784", "season": 9, "category": 1}}, {"model": "app.color", "pk": 227, "fields": {"name": "rubicondo", "hex": "#ab3e3f", "season": 9, "category": 1}}]